{
  "center": [0, 0],
  "zoom": 1.0,
  "brightness": 0.4,
  "color": [0.4, 0.8, 0.4],

  "roots": [
    [1, 0],
    [-0.5, 0.8660254037844386],
    [-0.5, -0.8660254037844386],
    [-2, 0],
    [1, 1.7320508075688772],
    [1, -1.7320508075688772]
  ],
  "iterations": 200,
  "a": [0.02, 0.17],
  "eps": 0.2
}
